name1,name2,name3
James,Alexander,Smith
Emma,Elizabeth,Johnson
Michael,Anthony,Williams
Olivia,Grace,Brown
William,Joseph,Jones
Ava,Rose,Garcia
John,David,Martinez
Sophia,Marie,Lee
Daniel,Christopher,Thompson
Isabella,Claire,White
Ethan,Matthew,Harris
Mia,Jane,Lewis
Noah,Benjamin,Walker
Charlotte,Anne,Hall
Jacob,Andrew,Allen
Lucas,Michael,Young
Amelia,Nicole,King
Elijah,Patrick,Wright
Harper,Michelle,Lopez
Aiden,Gabriel,Hill
Ella,Victoria,Scott
Matthew,William,Green
Abigail,Lauren,Adams
Alexander,Thomas,Baker
Madison,Sophie,Carter
Henry,Nicholas,Mitchell
Lily,Danielle,Perez
Samuel,Ryan,Roberts
Scarlett,Faith,Turner
Jackson,Logan,Phillips
Grace,Renee,Campbell
Levi,Connor,Parker
Chloe,Gabrielle,Evans
David,Austin,Edwards
Victoria,Paige,Collins
Andrew,Dylan,Stewart
Lucy,Brooke,Morris
Christopher,Hunter,Rogers
Hannah,Caitlyn,Reed
Benjamin,Carter,Morgan
Zoey,Allison,Bell
Ryan,Nathan,Cook
Natalie,Eleanor,Bailey
Caleb,Seth,Cooper
Layla,Elise,Richardson
Dylan,Evan,Howard
Stella,Cassandra,Cox
Nathan,Liam,Ward
Ellie,Claire,Torres
Jonathan,Oliver,Peterson
Nora,Noelle,Gray
Aaron,Kyle,Ramirez
Addison,Melanie,James
Tyler,Sean,Watson
Riley,Hazel,Brooks
Lucas,Jonah,Kelly
Aria,Autumn,Sanders
Adam,Owen,Price
Eleanor,Skye,Bennett
Isaac,Logan,Wood
Mila,Isabel,Ross
Cameron,Everett,Henderson
Paisley,Camille,Barnes
Cole,Mason,Jenkins
Savannah,Iris,Perry
Parker,Miles,Powell
Lillian,June,Long
Gavin,Jasper,Patterson
Violet,Eden,Hughes
Dominic,Elijah,Foster
Claire,Sadie,Myers
Carson,Levi,Sanders
Samantha,Mae,Rivera
Evan,Harrison,Hayes
Penelope,Joy,Bryant
Miles,Jude,Gonzales
Hazel,Pearl,Griffin
Austin,Kai,Cruz
Audrey,Jade,Fisher
Hudson,Eli,Simmons
Nora,Dawn,Kim
Cooper,Blake,Butler
Eliana,Reese,Diaz
Leo,Beau,Spencer
Arabella,Isla,Reid
Bentley,Bryce,Alvarez
Leah,Ivy,Sullivan
Julian,Drake,Gardner
Brooklyn,Eve,Chapman
Micah,Colton,Rose
Ivy,Hope,Marshall
Grayson,Luke,Delgado
Skylar,Belle,Sanders
Sawyer,Jay,Ellis
Kennedy,Dawn,Barker
James,Alexander,Smith
Emma,Elizabeth,Johnson
Michael,Anthony,Williams
Olivia,Grace,Brown
Dr. William,Joseph,Jones
Ava,Rose,Garcia
John,David,Martinez
Sophia,Marie,Lee
Prof. Daniel,Christopher,Thompson
Isabella,Claire,White
Ethan,Matthew,Harris
Mia,Jane,Lewis
Mr. Noah,Benjamin,Walker
Charlotte,Anne,Hall
Jacob,Andrew,Allen
Rev. Lucas,Michael,Young
Amelia,Nicole,King
Elijah,Patrick,Wright
Miss Harper,Michelle,Lopez
Aiden,Gabriel,Hill
Ella,Victoria,Scott
Matthew,William,Green
Abigail,Lauren,Adams
Alexander,Thomas,Baker
Madison,Sophie,Carter
Dr. Henry,Nicholas,Mitchell
Lily,Danielle,Perez
Samuel,Ryan,Roberts
Scarlett,Faith,Turner
Mr. Jackson,Logan,Phillips
Grace,Renee,Campbell
Levi,Connor,Parker
Chloe,Gabrielle,Evans
David,Austin,Edwards
Victoria,Paige,Collins
Andrew,Dylan,Stewart
Lucy,Brooke,Morris
Christopher,Hunter,Rogers
Hannah,Caitlyn,Reed
Sir Benjamin,Carter,Morgan
Zoey,Allison,Bell
Ryan,Nathan,Cook
Natalie,Eleanor,Bailey
Caleb,Seth,Cooper
Layla,Elise,Richardson
Dylan,Evan,Howard
Stella,Cassandra,Cox
Nathan,Liam,Ward
Ellie,Claire,Torres
Jonathan,Oliver,Peterson
Nora,Noelle,Gray
Dr. Aaron,Kyle,Ramirez
Addison,Melanie,James
Tyler,Sean,Watson
Riley,Hazel,Brooks
Lucas,Jonah,Kelly
Aria,Autumn,Sanders
Adam,Owen,Price
Eleanor,Skye,Bennett
Isaac,Logan,Wood
Mila,Isabel,Ross
Cameron,Everett,Henderson
Lady Paisley,Camille,Barnes
Cole,Mason,Jenkins
Savannah,Iris,Perry
Parker,Miles,Powell
Lillian,June,Long
Gavin,Jasper,Patterson
Violet,Eden,Hughes
Dominic,Elijah,Foster
Claire,Sadie,Myers
Carson,Levi,Sanders
Samantha,Mae,Rivera
Evan,Harrison,Hayes
Penelope,Joy,Bryant
Miles,Jude,Gonzales
Hazel,Pearl,Griffin
Austin,Kai,Cruz
Audrey,Jade,Fisher
Hudson,Eli,Simmons
Dr. Nora,Dawn,Kim
Cooper,Blake,Butler
Eliana,Reese,Diaz
Leo,Beau,Spencer
Arabella,Isla,Reid
Bentley,Bryce,Alvarez
Leah,Ivy,Sullivan
Julian,Drake,Gardner
Brooklyn,Eve,Chapman
Micah,Colton,Rose
Ivy,Hope,Marshall
Grayson,Luke,Delgado
Skylar,Belle,Sanders
Sawyer,Jay,Ellis
Kennedy,Dawn,Barker
Lady Clara,Eloise,Hunt
Oliver,Maxwell,Harper
Theo,George,Edwards
Sir Arthur,Emerson,Matthews